{
  "SS-B": {
    "random": [
      0.16967855515388047,
      0.7375921026765232,
      0.7375921026765232,
      0.7375921026765232,
      0.7375921026765232,
      0.7375921026765232,
      0.7375921026765232,
      0.7375921026765232,
      0.7375921026765232,
      0.7375921026765232
    ],
    "greedy": [
      0.9149561761088835,
      0.9999018869117138,
      0.9999018869117138,
      0.9999018869117138,
      0.9999018869117138,
      0.9999018869117138,
      0.9999018869117138,
      0.9999018869117138,
      0.9999018869117138,
      0.9999018869117138
    ],
    "motpe": [
      0.29707810579081706,
      0.33233058957358275,
      0.33233058957358275,
      0.33233058957358275,
      0.35792707995077744,
      0.35792707995077744,
      0.35792707995077744,
      0.35792707995077744,
      0.35792707995077744,
      0.4001712576681898
    ],
    "nsgaii": [
      0.29707810579081706,
      0.33233058957358275,
      0.33233058957358275,
      0.33233058957358275,
      0.35792707995077744,
      0.35792707995077744,
      0.35792707995077744,
      0.35792707995077744,
      0.35792707995077744,
      0.4001712576681898
    ],
    "hsevo": [
      0.9988463231802477,
      0.9988463231802477,
      0.9988463231802477,
      0.9988463231802477,
      0.9988463231802477,
      0.9988463231802477,
      0.9988463231802477,
      0.9988463231802477,
      0.9988463231802477,
      0.9988463231802477
    ]
  },
  "auto93": {
    "random": [
      0.35964143950747296,
      0.35964143950747296,
      0.35964143950747296,
      0.35964143950747296,
      0.35964143950747296,
      0.35964143950747296,
      0.35964143950747296,
      0.3785643403945077,
      0.44157063874600017,
      0.44157063874600017
    ],
    "greedy": [
      0.5133991858722508,
      0.5133991858722508,
      0.5133991858722508,
      0.5133991858722508,
      0.5296344863434459,
      0.5296344863434459,
      0.5296344863434459,
      0.5296344863434459,
      0.5296344863434459,
      0.5296344863434459
    ],
    "motpe": [
      0.35964143950747296,
      0.43069281866418235,
      0.43069281866418235,
      0.43069281866418235,
      0.43069281866418235,
      0.43069281866418235,
      0.45595373108131826,
      0.5241057083451469,
      0.5241057083451469,
      0.5252026881067141
    ],
    "nsgaii": [
      0.35964143950747296,
      0.43069281866418235,
      0.43069281866418235,
      0.43069281866418235,
      0.43069281866418235,
      0.43069281866418235,
      0.45595373108131826,
      0.45595373108131826,
      0.45595373108131826,
      0.45595373108131826
    ],
    "hsevo": [
      0.35964143950747296,
      0.35964143950747296,
      0.35964143950747296,
      0.35964143950747296,
      0.35964143950747296,
      0.3906859667598256,
      0.3906859667598256,
      0.3906859667598256,
      0.3906859667598256,
      0.47468930157830075
    ]
  },
  "pom3d": {
    "random": [
      0.7625960457265788,
      0.7625960457265788,
      0.851703982622766,
      0.851703982622766,
      0.851703982622766,
      0.851703982622766,
      0.851703982622766,
      0.851703982622766,
      0.851703982622766,
      0.8543100810005974
    ],
    "greedy": [
      0.727441217600592,
      0.9246911647498919,
      0.9246911647498919,
      0.9246911647498919,
      0.9246911647498919,
      0.9246911647498919,
      0.9257735302201645,
      0.9257735302201645,
      0.9257735302201645,
      0.9257735302201645
    ],
    "motpe": [
      0.727441217600592,
      0.727441217600592,
      0.7587387343153283,
      0.7587387343153283,
      0.7587387343153283,
      0.7587387343153283,
      0.7625450798661005,
      0.7734978615865181,
      0.7734978615865181,
      0.7734978615865181
    ],
    "nsgaii": [
      0.727441217600592,
      0.727441217600592,
      0.7587387343153283,
      0.7587387343153283,
      0.7587387343153283,
      0.7587387343153283,
      0.7625450798661005,
      0.7734978615865181,
      0.7734978615865181,
      0.7734978615865181
    ],
    "hsevo": [
      0.727441217600592,
      0.727441217600592,
      0.7697282312231303,
      0.7697282312231303,
      0.7923225717051549,
      0.7987128255633944,
      0.8640217992577396,
      0.8640217992577396,
      0.8640217992577396,
      0.8640217992577396
    ]
  },
  "Apache": {
    "random": [
      0.9333333333333333,
      0.9333333333333333,
      0.9333333333333333,
      0.9333333333333333,
      0.9666666666666667,
      0.9666666666666667,
      0.9666666666666667,
      0.9666666666666667,
      0.9666666666666667,
      0.9666666666666667
    ],
    "greedy": [
      1.0,
      1.0,
      1.0,
      1.0,
      1.0,
      1.0,
      1.0,
      1.0,
      1.0,
      1.0
    ],
    "motpe": [
      0.95,
      0.95,
      0.95,
      0.95,
      0.95,
      0.95,
      0.95,
      0.95,
      0.95,
      1.0
    ],
    "nsgaii": [
      0.95,
      0.95,
      0.95,
      0.95,
      0.95,
      0.95,
      0.95,
      0.95,
      0.95,
      0.95
    ],
    "hsevo": [
      0.9333333333333333,
      0.9333333333333333,
      0.9333333333333333,
      0.9333333333333333,
      0.9666666666666667,
      0.9666666666666667,
      0.9666666666666667,
      0.9666666666666667,
      0.9666666666666667,
      0.9666666666666667
    ]
  },
  "SS-D": {
    "random": [
      0.36142940529108525,
      0.36142940529108525,
      0.36142940529108525,
      0.3627754625149727,
      0.3627754625149727,
      0.3627754625149727,
      0.36456481349805775,
      0.3706338155277482,
      0.3706338155277482,
      0.370634880507531
    ],
    "greedy": [
      0.7121338415979263,
      0.7121338415979263,
      0.7121338415979263,
      0.7121338415979263,
      0.7121338415979263,
      0.7121338415979263,
      0.7121338415979263,
      0.7121338415979263,
      0.7121338415979263,
      0.7121338415979263
    ],
    "motpe": [
      0.3642434941507104,
      0.3642434941507104,
      0.5030960182747688,
      0.5030960182747688,
      0.5031737121975703,
      0.5031739978559316,
      0.622193497078381,
      0.639606228328917,
      0.6396066878662858,
      0.6396066878662858
    ],
    "nsgaii": [
      0.3642434941507104,
      0.3642434941507104,
      0.5030960182747688,
      0.5030960182747688,
      0.5031737121975703,
      0.5031739978559316,
      0.622193497078381,
      0.6222512543050185,
      0.6222512543050185,
      0.6222512543050185
    ],
    "hsevo": [
      0.36142940529108525,
      0.36142940529108525,
      0.36142940529108525,
      0.3627754625149727,
      0.3627754625149727,
      0.3627754625149727,
      0.36456481349805775,
      0.3706338155277482,
      0.3706338155277482,
      0.370634880507531
    ]
  },
  "SS-A": {
    "random": [
      0.9152172785051248,
      0.9152172785051248,
      0.9152172785051248,
      0.9158958327301757,
      0.9159473190202608,
      0.9343155765173314,
      0.9343155765173314,
      0.9343155765173314,
      0.9343155765173314,
      0.9343155765173314
    ],
    "greedy": [
      0.9989430680362205,
      0.9989430680362205,
      0.999140174192769,
      0.999140174192769,
      0.999140174192769,
      0.999140174192769,
      0.999140174192769,
      0.999140174192769,
      0.999140174192769,
      0.999140174192769
    ],
    "motpe": [
      0.9152172785051248,
      0.9152172785051248,
      0.9152172785051248,
      0.9152172785051248,
      0.9152172785051248,
      0.9152172785051248,
      0.9152172785051248,
      0.9152172785051248,
      0.9152172785051248,
      0.920939877674952
    ],
    "nsgaii": [
      0.9152172785051248,
      0.9152172785051248,
      0.9152172785051248,
      0.9152172785051248,
      0.9152172785051248,
      0.9152172785051248,
      0.9152172785051248,
      0.9162760254108295,
      0.916287484214185,
      0.916287484214185
    ],